x1,x2,x3,x4,x5
0.0019153268849946418,-22.90505352442561,45.47129881497292,3.028206865830643e-6,190.01760645639408
-0.0008485158165761511,-23.482055191654545,35.23943356244463,27.7241318829631,152.3252672378787
0.0019234259369719483,-18.948319260703663,2.0267269982740274e-7,98.34868997780862,172.54555559697744
0.0018914154740986495,-8.844770535735405,42.99878685495878,2.9494199263983815e-7,186.0127220110772
0.0018987863938722518,28.068147829037976,37.46800652438189,3.1036590563516e-7,176.36482611753684
0.0018959152933400837,-8.527906209820827,44.908193381369614,-1.248322678381323e-7,223.54800792859825
0.0019015982228503447,15.243405347060538,36.99222266247461,-1.0633444835732772e-7,163.45241984225368
0.001917187140551415,7.108515760200428,27.773616798940704,-1.575673930422218e-7,179.3972076034582
0.0019180994387692511,-7.130581071981379,22.565797782039027,42.48708335158072,181.98869058505218
0.0018989875048890945,-8.337530600261184,44.785719889563964,10.304819643417858,151.68193720554996
0.0019088488875116936,-7.9311855553920045,17.978779204897656,34.29073440346546,198.10175894165783
0.0018884701341558242,-5.758238568197319,44.10755363989995,-5.371035408757045e-7,220.01742245958667
0.0019048632458012829,10.132111395500301,39.74385769245984,7.571580222545767e-7,195.79063741247103
0.0019186462157378594,-35.909944450366844,19.664523294193945,39.27604778507768,260.13106834768126
0.0019167241109083672,-91.1249274785476,1.8711426544232722e-8,90.99115179066509,202.7836212619016
0.0019293970850685655,-16.369868427153175,46.364551800204495,8.336595806052942e-7,138.1086833828835
0.0018916754450214333,-58.68402486216223,31.42413025008566,7.034716205132514e-7,176.21735869162987
0.0019160391126564669,-98.936377690695,-1.4345560774155833e-7,106.7413615847782,123.29850823437755
0.0019014827307228686,-14.142196185077973,18.874794228895432,37.43919827020455,152.947807544988
0.0018963007133752183,19.49481844219467,43.59503072203029,-9.75705906182808e-7,133.44483083991676
0.0019286153485394094,3.2740611551680945,39.27504833251869,10.45022274250497,149.06667036003734
0.0019320330616757386,-13.641649089924128,49.67932261846128,1.099648446237453e-6,178.4094925408374
0.0018979406309798956,-4.620202669072692,40.868574377115145,-8.793959042384018e-7,149.99660490190527
0.001917339596906608,5.249951635911714,35.77319251281233,4.268290795242473e-6,162.80190107775832
0.001918769734494204,-55.47769527233742,54.406453915628994,3.825080754801069e-7,202.91545150548728
0.0019269157497674664,-72.1625263954451,41.22442949923962,-7.149251871179735e-6,199.4238357814513
0.0018856564208653054,-78.20381794906464,3.477401260220975e-7,89.11656860788742,205.25214224795906
0.001924532013950685,20.651962672466993,11.661881456498387,84.07512234380386,199.69540292345008
0.0019037007437257701,25.19730202812608,40.48273551334992,-6.809072723958368e-7,166.17644913283934
0.0019044498047321335,28.61896441135575,47.2541596960702,-0.00013321571599949245,205.1254488395914
0.001918922766567288,-47.48103012335693,42.515184999468445,1.4407550567092996e-5,160.57495648371764
0.001888703963192146,15.49425914416046,20.10310725477886,31.029588910180838,156.18215854076132
0.001905456055185588,-79.18520015456028,53.85840861696062,-4.242536189228414e-7,135.21005979370722
0.0019036156046424637,17.703424860405228,37.00738667191494,7.065419078613778,159.4939436751274
0.0019041299823857932,13.793218554195008,51.08315682350238,9.254678433612831e-7,183.20537640337136
0.0018919967077734075,-27.611351393465895,24.864812080298254,49.48836338095372,157.9574989948272
0.0019030299475406697,-5.180281776525205,31.237460945690458,8.716976538654302e-7,189.6931550276391
0.0019056270128998917,7.507749565148991,43.89356638276622,1.530305889535133e-7,174.84351261689397
0.0019033438865714996,1.0510410147569675,49.13791721956633,4.497685396826085,176.18062552813328
0.0018945333508575716,-5.877089955806741,51.54800264176372,-9.216203905468012e-8,147.56527900857324
0.001931881359391929,-3.8032112495261785,47.64138413009082,2.590804332987258e-6,130.20641074099066
0.0018980516974994957,5.150239024317289,38.71373060447658,3.2041529072652087e-6,178.426519702898
0.0019083978246351612,-4.95324293643579,17.740707077924416,39.399448416500206,167.93458543390088
0.001921078785481995,23.676746178257407,35.39807840128519,2.48433074043099e-6,229.30091332661428
0.0019254409142063509,-23.629776337339763,23.709417667378066,47.21002014479433,172.21950986359698
0.001900580559330875,-2.165862329316618,45.19225041272058,7.517025962656897e-7,160.58280198992767
0.0019269067234616748,-14.827934660802999,21.30838338910151,42.42386648976349,176.98461175384273
0.0019211508702916735,22.35493578490789,40.24900232262211,-8.551684076668403e-7,194.86622887052474
0.0019067464510028756,-19.69667890865564,18.773505869986614,37.48840155635745,196.24246657787367
0.0018916440570855661,-5.135463484985401,35.15934289841895,-4.403052786355173e-6,191.57417425409105
0.0019271410463818747,-146.86043213686844,33.30853092639014,-5.266317139373905e-7,146.85572257750187
0.0019434181331263647,6.801764897935486,60.914258735111275,-9.064049062081113e-8,176.31462081510114
0.001927264696404378,-5.479933930223091,40.34446996170894,-1.7159131438575928e-7,167.86903933114525
-0.0019092973910203607,2.9712173584103687,19.691626695887944,38.94740056213672,162.6680090055066
0.0018937034452074968,0.23558131206134303,32.72344282642045,1.083492045362516e-6,206.82830467254234
0.00189751123647167,1.755890800633656,62.57002753350079,-5.255704247030238e-7,183.39333712078945
0.001910984881641073,-19.903456550803863,20.611249671819817,41.21631232745729,215.62580590419282
0.0019177983848227586,-23.795712358776846,39.097612905077824,3.176700101037613e-6,178.62652436408564
0.0019211201304612953,17.89893331800191,32.21974503335366,-7.443094663167361e-7,214.53348808213755
0.0019052434334526176,-2.938625446569432,40.352832780040785,-1.8566342723197186e-7,143.70315159410993
0.0019226766928077848,8.5156462272287,54.765601638518184,1.975723678222359e-7,149.37681520048764
0.0018970641385279371,6.263893318227988,46.039487073133444,10.479335846720161,210.69571626326226
0.0019216675660285174,11.364185857286257,1.6139955291252402e-7,80.71625178027786,197.79532577805423
0.0019021997801394485,33.33003993670453,43.1910978363662,-2.3334614453425203e-7,168.7750753325705
0.0019071838051521147,43.60305469801586,69.74899198705423,7.096051422648591e-7,165.33526378590963
0.001893587000671175,3.4757095674733742,32.986900104783174,-1.0911132406105979e-6,200.31619913817636
-0.001918554373334846,30.109866713514094,21.8318949164282,43.57299944938342,127.09377422000318
0.001905165515583417,33.40916311435921,51.930517451879126,6.47213631413485e-7,163.51128337769288
0.0019166769680453854,-31.986687206006707,47.24463727457061,1.4093776841322502e-7,190.02581642387335
0.0019192186836424067,-1.2930716623464413,39.76103865344567,-1.076195315590489e-6,170.4306532598221
0.001904150632622222,11.241839698328716,23.686684487021314,-2.194787942299791e-6,185.01489551440065
0.0019220996122729394,-41.48546580483218,35.73165569376117,1.1411445948562027e-6,179.20232109384992
0.0018874755867270933,16.75074427738922,26.92524934322034,4.541664801915104e-7,203.93483725083902
0.0019361878403162233,3.5240693719000746,32.89520720651053,-9.592273900050656e-6,207.41412124695367
0.0019054647425509595,-22.01165734824079,34.93158716573909,-2.010961999420168e-7,205.66082179071896
0.0019507531360288368,98.52022943892835,43.629859024776934,14.81228939102337,160.7437855155664
0.001913154334251771,-5.663771840077168,20.73369322584351,41.29669376141896,169.14176526423836
0.0019288276493755357,2.8767840875441006,31.95425418717653,-1.0065363791735601e-7,203.55842880434983
0.0019335042948729225,5.428779302294167,37.160008568688134,10.054720374514961,187.70312967353706
0.001916824976412602,0.16310862885098953,31.21730533658606,7.677829988018616e-7,134.24875496916258
0.0019119139478947778,19.205132064734514,46.236434282510245,-1.0608589580614055e-6,183.92332681090218
0.0019386894384871853,-2.482508367478431,43.69829612357692,4.2360829923589787e-7,194.1391225566075
0.0019202891927360415,-4.81649909541979,17.871688554250962,35.54103962242598,183.32698055169558
0.0019108765670747844,9.991929436803174,55.76723184558045,7.14158834530538e-8,144.93086263582882
0.0019269596746627278,-9.084577082200253,38.090146447452284,-5.7948787022658e-7,183.1730081395453
0.0018891938883121768,-62.10999500037366,32.28115023327276,-2.917430790801329e-6,183.68395519800143
0.0019032351554206938,42.95692183033145,33.70141165867355,-4.284039883714116e-8,171.22857969645514
0.0019114802157997478,-68.79077270704195,1.8270189785960245,127.04707618621603,122.97414453462966
0.0019176256567230055,-2.5985308265547298,18.493822577934896,36.95346629458551,170.91326870952437
-0.00189896239382924,-10.207911334955758,34.86114461203791,-16.368380515522983,206.23834618118894
0.0019160221046724741,-7.233148539354076,4.648033757653603,92.21911156545552,186.3150433305417
0.0019246354445881027,-21.89862529178131,22.708679339906045,45.34655338281362,206.89115761546066
0.0019183978959366012,23.58843308631403,34.03190995693834,1.8732023911172633e-6,217.87581907938426
0.0019089562934196268,9.555507207630177,54.97372030619811,0.0001082739020065217,181.64977250965887
0.00191460180972014,9.918492037120405,44.39865159484122,4.910068462513905e-6,166.54834319816706
0.0018847364067712995,-12.848625673271204,18.33186076852679,36.63233472048015,201.30726780233968
0.0019187715444407404,4.2326314760175725,-4.527816591434167e-7,97.42198591938575,158.82464677345953
0.0019240252691479953,-64.17088562323806,8.144796269601954e-7,93.39904574123142,197.73298671744516
0.001893642012324184,25.551291517871814,28.35045613803753,-8.238991603554838e-8,198.1441666280514
0.00190977299984698,21.501698926582897,39.86325628553667,-9.923206987318383e-8,196.21227353578217
0.0019067256700061959,17.434328271616245,55.52166795677396,2.5515257440612495e-7,166.77522304963307
0.0019187196251437642,-61.64889210972063,36.41605888660275,-1.4414275125480152e-6,191.78539977054953
0.0019113874103836336,-13.326484932621398,19.71860003614906,39.355675964137745,239.97650378249284
0.0019062413567111252,76.66914353535769,45.112830431875786,-6.579626387144861e-7,157.8777530009645
0.0019015535196652675,31.759644425220756,39.71219779246233,1.3796821173502142e-7,166.10079259664346
0.001915397179433747,32.9518451585014,34.96931122295518,-1.5810804191197027e-6,154.59114827319394
0.001899571154351168,-13.988893583586856,20.895419855567226,41.74895863590397,184.77149398939588
0.0019075338425767645,23.300501696599667,30.363975309167206,1.1589751506050514e-6,155.9891588332174
0.0019034366778522098,10.385413408949555,32.10715976369447,-2.536755157393715e-6,157.27086628802206
0.0019170257655864145,-20.000682334379135,48.628595410450885,3.44476601974537e-7,189.05359480444528
0.001901983279919175,-6.849832377737944,35.45092148330432,-5.608875896156374e-7,196.322828181714
0.001916947770020458,-21.46783368797731,47.16742090992315,-2.9885755587222105e-7,121.19845339971383
0.0008500428746135816,-46.4579735806485,41.40329003060139,-2.2966723124824855e-7,149.31046648817525
0.0018724613351789128,10.91719737718347,32.367402551690176,2.2966211875922664e-7,175.81392763964263
0.0019046692847745968,-9.785530206433023,14.832618553401455,29.5903818137381,181.7613047927761
0.0019032130149746888,-10.307774048863015,27.543426513428763,22.0243616270805,233.66989763688412
0.00190306123054667,-4.263892729246365,40.2256890750024,-3.369177768496166e-6,183.4645927791206
0.0019233043502120608,-65.85341993009614,46.78120292824216,-4.5497740929964843e-7,131.37642457056958
0.0018897705327352533,-7.8257056646739045,50.55865202910676,-1.789489653654056e-6,205.44214211090727
0.0019092814250160628,-24.5227062839201,-2.449549246866962e-7,76.40501873163605,137.51938457623356
0.0018901633506446622,-30.923538920983454,23.066619908549956,46.075691118383745,201.67350534306453
0.001928023453707898,-4.202665281145489,28.461427026525797,12.411407538470357,226.37732160884167
0.0018791139358564114,93.47153957981624,36.324399129513765,-1.043481816268532e-6,220.5776940428552
0.001915451063041452,-18.15072523660373,25.762515711439352,25.661710559899305,189.87535248135515
0.0019308370184785526,-3.4613099727007026,25.877148495497302,17.255431968278263,187.1989177285028
0.00191496810030979,-1.394827202920442,27.37565166785292,24.281913581224885,135.65477122416357
0.001913795441876645,-56.08817362280909,48.24733183403282,8.64352053580437e-6,156.4482086301607
0.0018710921472934847,45.127736841810815,58.20320848342896,6.352888085645715e-7,166.66482473246768
0.0019291638399584147,-6.780258219895703,52.295852825849096,6.214079105312626e-7,168.3684440924377
0.0019160919251556049,-8.433972060498508,44.18646454180239,16.002211651473534,214.6362426020553
0.0018983537536631668,-8.508686389336274,47.14614735616336,1.8016525194780771e-6,198.60117055718996
0.0019092556868622722,58.47762723034122,56.47927985420853,1.1016525509608801e-6,161.07350544732026
0.0019482933719465044,-13.609701183389513,14.513714585710112,28.807078691181076,185.24086228737391
0.0019162231879844554,33.29384004311807,49.69813304515529,1.586930580540229e-6,218.4911687617237
0.001896488991833504,4.050343261736606,33.284278641278505,-2.568570628981741e-7,196.56732321392076
0.0019006660102238128,-1.9611505516733343,43.38345196528199,3.1925242259499687e-7,165.38392827769988
0.0018932895944964883,4.983612743030864,29.303704738117563,6.628727214773048e-7,180.40153620233767
0.0019049709243046992,18.320709280832386,23.904928301223002,-2.0356319672379445e-7,219.9077583129699
0.0019061443383990827,0.6397489584572669,46.23150821788829,-1.9772678592662913e-7,183.31074084516155
0.001926318540214617,-88.10161726704487,34.01582710702296,-1.7455281169369163e-7,189.4301422453466
0.001943592666367503,76.2464767574909,41.674894803732954,-1.3946581266904779e-7,186.29361486829828
0.0019226458298008493,8.151377067949399,63.060988505037145,-2.4454537074903885e-7,166.80359845572772
0.0018938852303041537,0.10463619964539062,47.45601091733182,-4.974001385950181e-7,250.8633878815849
-0.0008489448533515574,13.352960322193344,35.12134278584472,1.519476901644387e-6,158.68667681809836
0.0019311760090218314,-19.443030873621424,52.92709180640825,1.3510389679727393e-6,209.10080315053426
0.0018794500644118035,-39.79635211929433,-4.476275365838989e-7,95.65168085792095,160.85430919297255
-0.0008459315007437322,4.427226689866837,49.29268490357155,-1.1615722168478923e-6,167.75157928431832
0.0019136268750172564,17.003515142900458,44.90311282003003,4.816551524439075e-8,165.5530377659598
0.0019018117958882427,1.7032418062127144,25.213450323811315,3.6666216936906804e-7,261.25381852720255
-0.0008440667842746889,12.47681159411024,26.934015467876776,15.308029242964308,182.41515556146135
0.0019226203044785091,76.85527904858374,50.80869172382998,4.1755048300453833e-7,183.32951908338055
0.0019124769325048318,19.93838764852701,31.38761174372207,-4.6576656949337876e-7,202.5279206625604
0.0019184667510116424,-3.4388255900518736,36.86171352932103,-9.372981125548906e-7,170.40203757199004
0.0018902779279836215,-13.504119904532027,46.872696591937625,-2.4543427451563045e-7,302.0073622634504
0.0019049983381253179,-8.442852811847542,18.018935534949303,35.912712201257285,215.35811934389199
0.0019297049325955034,-12.453662298415582,58.86282609462461,-2.676068555839547e-7,171.62325087598643
0.0018936137909194293,-33.67952788215469,2.0838084685992285e-7,75.44381630082408,178.8367753444347
0.0019200985275561985,0.23287368066064704,38.39862627716234,-3.648684143602892e-7,161.18212864431953
0.0019133908561213106,5.3150692165510085,15.361847077661489,30.35101966922237,213.9965757348384
0.0019139918850839205,-11.375721946332535,16.43830103439877,32.58592864097018,202.19174088415423
0.0019190112398117269,-23.18648822986396,24.424420398061642,48.68342477444561,183.60647940987502
0.0019011097598377975,-25.88741692705745,46.891739126656596,6.236413934793999e-7,196.05553873077378
0.000855070197245535,34.809284079466025,18.452863729393766,36.93246113934065,208.55365786474468
0.0019307146351292598,7.75556606934959,29.62849329633717,-7.135635685956179e-7,210.29236736566128
0.0018931092197192513,-38.90187125273559,20.104785068123253,69.71865884331888,164.13279152967172
0.001908505715867167,-53.604933667989386,-2.3146760393767017e-7,108.57711055356486,151.0919526045703
0.001896164814606884,0.3271643543509932,45.62168135921041,-5.416154162781205e-7,209.89394169812155
0.0019071783691001144,-45.30383306541723,-1.6343380072792725e-7,88.60034229511916,212.84556682261723
0.0019026159018282825,-17.71212669792346,43.894400031446395,-2.472101849559104e-7,169.19514817653996
0.00187441361117518,30.847449185155888,38.9761028584569,6.894495718410165e-7,248.5358231657644
0.0019198987289715632,-7.821605340956509,52.75276278132476,-1.6464891167325303e-6,131.16700995024314
0.0019061075037770507,12.915169116369555,29.352293952581068,5.043790610656082,204.96749549813114
0.0018972946075876665,-0.5125020213220347,42.06242697722709,3.7136167514922407e-7,150.68460368831344
0.0019106436616051063,17.60510483446252,40.69344712147004,5.829034315777411e-8,176.10555886085967
0.0019215093438508307,38.96250916443811,34.068088498593376,-1.2795239625799635e-7,176.97919577027744
0.0019156733163159729,2.6992119508308905,50.191317902421645,-3.921153163362202e-7,177.2480163660025
0.0019037277201742764,64.96699153248159,48.249315371039046,-7.462170694790577e-8,203.6939205319859
0.0019306781022341499,-26.951814504449455,23.915185361901194,47.728668332801774,163.31318406004277
0.0019240529788734529,-17.397984282074063,47.21956257394373,2.90025593309275e-7,179.60686736858867
0.0019219986632247592,-16.112496076791295,48.71674385598057,-8.864391330942029e-8,179.04694860257064
0.0018985243948915652,11.014337175636292,36.79491909974793,7.504909231720466e-6,146.37416007654744
0.0019090733361536638,-9.715893573227172,35.54246705570678,8.720687458536843e-6,205.54930258457728
0.001959086797770823,19.59943218021001,43.35924376638879,4.429923349554648e-9,201.90411341308825
0.0019357112673895197,22.103378326375374,36.563104785948596,5.845763782712647e-7,171.29605403835077
0.0019169486708393146,32.868055498761834,25.34257927988902,50.59973751126873,153.31419555879637
0.0019240431990954097,84.74811036556046,37.9421291225931,1.3162185871226012e-6,165.16779309275705
0.0008500583036466814,-19.870322445822435,15.798474860900937,31.598208382433043,142.7971897409319
-0.0008490580019751807,8.590002505030126,41.23221376422813,3.946672668200299e-7,128.04488354702445
0.0019159898850900792,2.9413673402831684,40.521672243787776,-8.76053205017666e-7,155.5794291562645
0.0018770832144782983,11.593682450524637,13.437116545700249,26.800718672031806,263.977725575372
0.001896097039914401,-6.841756142548113,17.147958571342283,34.24126317305697,173.9651764613127
0.001929368480293626,-14.947644056097563,20.134630688766983,40.092805478245566,153.27742431532394
0.0019120267892010871,4.47445002247434,37.91007626781572,2.3187967017677205e-6,162.07172097222036
0.001959324934476376,5.386060720156253,41.65739384625548,3.9931067022751526e-7,187.42213916806134
0.0019062700976315275,16.758504631857402,38.68793567764206,2.957067543430905e-6,163.1865644810347
0.0019097101786646462,53.39384259188344,50.160731751394785,-5.384639697477992e-7,181.08664071014368
0.0018949589878644953,11.711303227665859,22.167388942407953,43.64088333913463,205.36033194702424
0.001874966862737922,-16.504610727043296,-9.381256750905716e-7,91.66824911120179,219.55832460751
0.0019104442882809268,11.892187953130355,37.53591052154536,-3.9796237887650196e-7,219.0485747168119
0.0018910464160818347,7.286243347478943,29.835276669006596,-5.277738079089512e-7,232.91368250014
0.0019295832771975248,-3.5761948249015627,44.77013853361326,1.271785191583911e-6,181.8199860594982
0.0019336927425237212,27.734724549201403,50.188758127959304,9.334425678978136e-7,140.87857339536723
0.0019264093702580105,20.52656308118106,50.087236203919474,-1.5906885437027873e-5,207.60494307404903
0.0004473742619676706,3.542895268271015,36.28089711830061,-2.955659487139726,188.44374016125863
0.0018836997500519329,63.06718447194328,30.466981120668443,10.940905385948483,214.23088809672782
0.0019320084949356964,-4.81691915493624,32.07085126754811,21.479473717499364,187.03838353373388
0.0019332780729588415,3.3035914016905736,13.790944072679807,25.87229321953857,140.7287908177976
0.0019074605001136462,-36.299680251230804,-7.143829112794322e-7,80.10284785252577,156.27328902464376
0.001906152204649336,3.1512984742962633,46.14060979967797,2.347328552728355e-7,200.06878167117443
-0.0008493067179923908,-10.21815845205966,52.052623918572955,-8.116978985590191e-7,149.68854695972277
0.0018957182444598033,-75.63078111054733,1.4735121814683724e-7,128.3382223413506,87.73478437554758
0.0019044330894990157,23.652839035728938,42.90904675178652,1.625352871400522e-7,224.39422538805326
0.0019246413765830707,-6.762410893389289,60.69456422131731,5.94576979698748e-7,201.12737326945046
0.0019096764500816559,44.70684655440913,37.020320167623574,-4.6875933530153795e-7,206.51160369512684
0.00192518965312087,-159.019870771149,43.19582695406428,2.4811795741587955e-5,189.68816487876083
0.0019095222524968883,-13.47053581625431,42.62122706093882,6.813481223973216e-8,189.5084612901512
0.0019007929585242566,11.202697332881556,41.90792510662583,5.377150726998321e-7,200.361299116518
0.001896702154033023,1.5914454813657488,54.25070322871431,2.5588490971161907e-7,154.02902015797775
0.0019096099007700987,-57.267505313035045,-6.225005078433232e-7,93.66395976117381,213.75125626631007
0.0018962034065753367,-5.520895471312776,38.3132026955899,6.742771870973765,202.57703707612058
0.0019190739414388924,-96.41835613291727,48.22507917402214,1.3403091770835304e-5,161.62597618052186
0.0018927147056530848,1.616174509953101,34.80545284138541,-2.895254020246732e-7,205.06846998507888
0.0018863919043766411,15.72671680799631,39.535842709946685,-1.0903244167936328e-7,241.5157338274075
0.00189596413955684,-6.405706566070013,17.881221236891847,35.692091073590376,222.08712367916843
0.0008571904941413859,-13.542913737797562,59.8718892338606,6.828516269881729e-7,176.5346738378708
0.0019322534903903944,-15.552027424240144,21.448428010959205,41.59887042578267,165.23472186109188
0.0019201387387603839,33.82444556146691,55.77532740956506,2.735419678181573e-7,164.99612115102568
0.0019025078864531308,0.7398712577525823,19.058293201397536,37.85664955754781,189.95342663638314
0.0019019789191514762,-8.579905819993362,47.136192892761784,-4.202419700654149e-6,188.2481657496468
0.0019001878496371625,3.326405962672137,35.11327932447412,9.916218805995368e-7,198.6826536083391
0.0019045867882616513,8.454713105149025,54.93524245349207,6.089482519579857e-7,151.19210591590075
0.0019214450140380233,1.2861775024073558,18.186437448945075,36.11835101439874,198.73491010904792
0.001917987380918457,29.066375637568527,38.397595575241716,3.139095509246459e-7,225.54484424935146
0.001917741362087718,38.1728575920628,41.904772587285635,8.315691944797093,145.72292177905487
0.0019209006378821357,2.065159546145775,48.8587745688217,-1.7475113383210625e-7,167.99722986536855
0.001916691909810084,33.73529104457241,38.61874109488261,3.0781182509860263e-7,173.19011444890458
0.0019076147015211313,-77.35102143927932,1.485934329068862e-6,105.38594354527639,138.019884741512
0.0019218785791127726,-105.0189552286862,7.4881821752943445,103.507878217057,131.3367117244329
-0.0008494285629587206,8.068997109755177,30.506337515552918,-6.838222698154677,201.49860450688686
0.0019114688587645555,25.87351008071067,-5.728545422864469e-7,91.78243354446944,188.2989150787253
0.0019094725481279115,-56.46595529945456,1.8034036732482315,78.95973428297684,172.2269737373018
0.0019259419510877418,-45.05951773212195,38.321074154933655,6.420206937941076e-7,120.17088139974413
0.0018861868782314288,-44.732901170953646,32.74196363982593,8.571094565545887e-7,214.8643733570034
0.001903889732529359,-36.49044126912488,20.405869499634527,40.8396628348288,200.32181532425798
0.0019155232244644884,12.788687501091587,39.38019381431099,1.0109067389812616,186.63124551503256
0.0019226066007569688,-13.482501788700294,4.269153302203165e-6,94.87783654459227,200.3389165513506
0.0019048790725987046,-47.45230900776478,2.570880222907801e-7,116.2303880032566,142.15626508111248
0.0019059614970315401,-85.95331884533326,1.4011217150758594e-7,79.9739095080938,190.85246869515402
0.0019194435363669158,-37.657379528589765,2.2411175304851322e-7,93.33615071790211,130.20685265541783
0.0019012848155197115,12.785451123909349,39.05405853485771,1.7959805763381204e-6,157.13524971027164
0.0019013388049953402,11.95409075120553,39.32203787786045,-9.477965513182881e-7,186.88549329433272
0.001883724181674479,-6.11220145922824,26.08640581508259,51.7165974009452,148.1393224165201
0.0019213178748530178,3.503304745173688,32.3979970966698,-2.996601092073072e-7,152.93239328268848
0.0019191819293521047,-34.67382626959013,49.117919304352064,-9.102539058354358e-8,202.1157390090033
0.0019055162926632425,-2.854590176847322,21.80229250164585,43.44435752847989,225.54988436836962
0.0019070305986845157,-8.329542134238602,45.89670009812265,-1.0444776367861341e-6,203.021331087132
0.001892966821946765,1.8908992383459549,31.855210762867962,-1.1768911131051812e-7,239.36392603248953
0.001915101082990628,-17.999703982289304,55.97895075090506,1.4124110304838624e-7,172.09408531392674
0.001936078528719832,27.429392741754313,52.504360580468905,-3.486570287190892e-7,163.27104920956484
0.0019245221849550607,-159.08122410748405,60.56717085432207,1.305103464639538e-7,117.6818598632385
0.0019015952940113177,-0.5327378087445193,58.85918005701832,-9.27122241200367e-7,172.9680005115361
0.001919921834312,-3.253989080790011,49.685603228443995,1.637310850498121,164.05525040380746
0.0019108645206982668,21.260879050303732,43.56667405256122,-7.236018474091816e-7,157.4016658023853
0.0019229653895088614,-4.9513165725288495,15.237972860832844,30.00175834056087,165.29348432074895
0.001936450621586923,23.230167206419885,41.09344618646136,-3.4894461728793627e-7,164.32318759864935
0.000850805539380155,-30.717388768861703,22.892076567687766,44.90981614264374,184.3429180916243
0.0019047381283057942,-46.37779831291359,22.493250670803167,44.58945439907633,199.89031437853384
0.0019454475529117722,-5.080325998483696,17.840016075001305,35.63445364431649,191.02823542064166
0.001899805434892029,-12.743674088583875,54.355797911580424,3.441086813486098e-7,150.95262440173204
0.0019029872156933521,11.473949159994694,42.03202629413093,-2.390789531056377e-7,212.5635645335539
0.0019036208864001516,-1.7385154343403562,40.81380133094175,-2.1984495119966856e-7,190.99031034851834
0.0019230559147540808,-2.4936753506294504,17.985330933043493,33.5815837366495,179.24241638566104
0.001924803587587232,38.82742588870799,29.592735044657687,8.433966785632414,229.468480429539
0.001911001346816694,-74.67966193081111,6.906959181899406e-8,111.64250567810298,149.17223958818647
0.0019151530587285363,63.14073807722153,54.658739349552576,2.9530247680272197,161.89084909483233
0.0019004292768071544,19.409052670876818,40.197978930881526,-1.364262121868789e-7,208.43425368975056
0.0019003240569562968,1.5300673678024894,26.97514752338321,1.4648869699263415e-6,211.0607595523331
0.0019074844242050254,-63.302978957859786,43.334233924226965,-1.0957963975087084e-6,210.45003726117866
0.0019298767453961715,-16.42309510785204,19.210480801652366,38.358522170291074,173.7962069209999
0.0019003090607754855,-11.378667190838662,19.85370368470682,39.49662418188248,187.2024982739631
-0.000848791055186309,-27.928144938504296,18.56552991269022,59.71041222746746,136.23933818219595
0.0019229388177359934,66.04904425237193,1.4807947732955256e-7,126.50775958575623,129.2331859230836
0.0019020230768046278,64.68520824104488,33.02997070455956,2.0775809963566544e-5,143.53973858969442
0.0019199849022203384,-22.969112725659546,13.61327168824295,58.5664596083551,192.49928843178927
0.001933080561459695,-12.528892515577152,19.153836356877616,37.888585745241706,148.34235284926518
0.0019265074756360313,-0.7732426008095022,47.752901232878905,0.5809376925467021,170.89650382236164
0.0019050883009799607,21.675129289811125,36.30627682856774,-1.0432970287437039e-6,166.0506460084531
0.0018936315295366133,-9.841449802109658,43.26707215522365,-1.4752393384717008e-6,190.58256786915445
0.0018862515847450048,-102.14697840824914,34.782926691384425,-7.220257486360597e-7,167.53938494627872
0.0018933028316458532,-15.174958508984302,18.855801898628687,37.48647622655659,180.00545812411607
0.0019018409868608744,14.641593202912162,56.17541008032763,1.4925068957936769e-6,210.27025254352668
0.001907906134605367,-3.205009715718295,41.57525922936554,-8.586672078004406e-6,154.4880298042835
0.0018974272894439763,-24.92598928400007,19.10376540711859,41.65867289774314,193.05764524035192
0.0019131033856310939,36.53806534990021,31.962878492091193,8.769132130111529e-7,203.94962197355676
0.0019041915553955496,26.300863859322845,40.29532300538339,-1.2378659212441634e-6,192.34917669561986
0.001895267895447768,0.9162261097323093,37.73032620678031,-4.600271645150696e-7,189.20402159381703
0.0019098411553145412,-9.73072985307783,35.32540443118117,2.665295059828857e-6,221.72185700197747
0.0019021284891380709,-11.75362509916276,44.04943101271641,-5.033743279490037e-7,181.52628000319675
0.0018864829854536983,49.24397099752065,6.414856693508813,64.93100190526404,195.0411134365603
0.0019142319986380546,5.573122738733774,26.499573320301568,21.65721414751659,164.72077671284924
