tWaits,Expect_P00,Expect_P01,Expect_P10,Expect_P11
1.0e-6,0.2500149064939966,0.2499750724503686,0.24997507245036865,0.24999518512070454
0.000101,0.012367407683035243,1.519216457306499e-6,1.51921645730805e-6,0.9869609695479039
0.000201,0.04927544102859545,2.91812309737035e-6,2.9181230973736007e-6,0.9494164031275559
0.000301,0.10881179508479702,5.831518747747086e-6,5.831518747749561e-6,0.8892639216080073
0.000401,0.18794124379311028,1.0491878097509178e-5,1.0491878097511505e-5,0.8095336983416996
0.000501,0.2825790827403656,1.4604908916927272e-5,1.4604908916934522e-5,0.7143091916857218
0.000601,0.3879033402681677,2.0657185458752192e-5,2.0657185458761327e-5,0.608408082898075
0.000701,0.49856721324671444,2.60553550386319e-5,2.60553550386331e-5,0.4971771163092536
0.000801,0.6089323944186914,3.159794542117791e-5,3.159794542117981e-5,0.38625548962012407
0.000901,0.713409877415361,3.754348784456433e-5,3.754348784455806e-5,0.2812292147075567
0.001001,0.8067173917994944,4.1566330574219184e-5,4.156633057421615e-5,0.1873741130152849
0.001101,0.8841746765173376,4.616811806836452e-5,4.6168118068360965e-5,0.10938694628760792
0.001201,0.9418748487027646,4.899083693999771e-5,4.899083693998898e-5,0.05115560106468082
0.001301,0.9769677148223096,5.035869631630147e-5,5.0358696316298974e-5,0.015547202450291496
0.001401,0.9877437546934335,5.1581076333714414e-5,5.158107633372191e-5,0.004252803799028646
0.001501,0.9737225681929583,5.025749454130126e-5,5.025749454131638e-5,0.017770581540823928
0.001601,0.9356895853460258,4.847128509041993e-5,4.8471285090424396e-5,0.055305476085597195
0.001701,0.8756529510810425,4.549846549894458e-5,4.549846549895693e-5,0.11483857874786288
0.001801,0.7967079127407567,4.1074797406092234e-5,4.107479740610473e-5,0.1932932140139401
0.001901,0.7029114599347616,3.658348271016704e-5,3.6583482710161703e-5,0.28660206827415885
0.002001,0.5990610991441525,3.092097740275594e-5,3.092097740276608e-5,0.3899741313878023
0.002101,0.49040309556094486,2.547020883779439e-5,2.547020883780167e-5,0.4981531382489358
0.002201,0.38244763108994445,1.999004924213083e-5,1.9990049242134662e-5,0.6056331746288778
0.002301,0.2806164804283734,1.4510648258555024e-5,1.4510648258564404e-5,0.7069860585513862
0.002401,0.19000037606335748,1.0159854746916702e-5,1.0159854746925288e-5,0.7971291340879924
0.002501,0.11510588747822643,6.220717992736508e-6,6.220717992742096e-6,0.8715520525687865
0.002601,0.05959832576596423,3.3681318332587158e-6,3.3681318332624288e-6,0.9265849837698455
0.002701,0.026170133793946785,1.8282972725022365e-6,1.8282972725038063e-6,0.9595379810057955
0.002801,0.016366733223610493,1.3763231457836555e-6,1.376323145784273e-6,0.9688672123902887
0.002901,0.0305218297037136,2.091818600578754e-6,2.091818600581172e-6,0.9542408481697204
0.003001,0.06778865043621352,4.1554490117719e-6,4.155449011776966e-6,0.9164975918010253
0.003101,0.12612585628858744,7.297465499347825e-6,7.297465499355967e-6,0.8576811127250465
0.003201,0.20245175773647406,1.1076017437644619e-5,1.1076017437652263e-5,0.7808798949293138
0.003301,0.2928120278367644,1.5976401166422805e-5,1.5976401166434853e-5,0.6900411371978524
0.003401,0.3925434669194036,2.1029399763742974e-5,2.1029399763758007e-5,0.5898278865977942
0.003501,0.49656355935740903,2.635718946843099e-5,2.6357189468451235e-5,0.4853332144987195
0.003601,0.5995996911091159,3.176900130064387e-5,3.176900130066846e-5,0.38182476739603655
0.003701,0.6964576789573237,3.646144612776918e-5,3.6461446127787485e-5,0.2844871354194259
0.003801,0.7823211056085718,4.115528674719858e-5,4.115528674720879e-5,0.19815804629970235
0.003901,0.8529130548377795,4.4400602070469355e-5,4.440060207046982e-5,0.1270925764241562
0.004001,0.9048165309962932,4.699916063812695e-5,4.6999160638129726e-5,0.07472491602622564
0.004101,0.9355445722809332,4.882467802278496e-5,4.882467802278151e-5,0.04353302591239763
0.004201,0.9436828738594103,4.8513256803214864e-5,4.851325680321293e-5,0.03492947339915422
0.004301,0.9290296101532665,4.816667154196392e-5,4.8166671541954754e-5,0.04912920247344729
0.004401,0.8924600932597704,4.60314916485681e-5,4.6031491648549374e-5,0.08523896929734151
0.004501,0.8359716798161786,4.272440411309499e-5,4.272440411307108e-5,0.1412728206733108
0.004601,0.7625795688425974,3.944844139186408e-5,3.944844139184753e-5,0.21421393151595278
0.004701,0.6760703172645366,3.4363863143999304e-5,3.43638631439877e-5,0.30026739476188263
0.004801,0.5808874413928322,2.98069999659041e-5,2.9806999965896717e-5,0.39500543336257393
0.004901,0.4818712261561692,2.4682774822597225e-5,2.4682774822594308e-5,0.4935636560784268
0.005001,0.38400806138465576,1.9353489778612015e-5,1.9353489778616683e-5,0.5909837645696929
0.005101,0.29216458181730076,1.5312726258781096e-5,1.531272625878144e-5,0.6823683707228783
0.005201,0.21089043227192059,1.0544848931603067e-5,1.0544848931610931e-5,0.7631909711014785
0.005301,0.14414297678085175,7.621261906024438e-6,7.6212619060331765e-6,0.8294871560076813
0.005401,0.09511202809725648,5.358443248116383e-6,5.358443248121166e-6,0.8780556359020539
0.005501,0.0660702992539602,3.4070521159451647e-6,3.4070521159490818e-6,0.9066378146331253
0.005601,0.0582820285770687,3.894151375115306e-6,3.894151375117343e-6,0.9139697967309742
0.005701,0.0719067595031872,4.211846207633456e-6,4.211846207633102e-6,0.8998823590993225
0.005801,0.10603463468187695,6.203938315244596e-6,6.203938315242859e-6,0.8652840567468193
0.005901,0.15877332533721103,9.30778063706488e-6,9.307780637062998e-6,0.8120870764321296
0.006001,0.22726152874195568,1.237700865817962e-5,1.2377008658177057e-5,0.7431275396151267
0.006101,0.3079141559191072,1.7175081824521592e-5,1.7175081824515538e-5,0.662014965122973
0.006201,0.3965901924056721,2.1303345072628267e-5,2.1303345072628474e-5,0.5728769235907605
0.006301,0.4887384410978897,2.6134333021917637e-5,2.6134333021918948e-5,0.480264329300983
0.006401,0.5797298904816344,3.108481132729557e-5,3.108481132730695e-5,0.3888128641168718
0.006501,0.6650377499336063,3.4749799252668784e-5,3.474979925268595e-5,0.30304743692816344
0.006601,0.7404302814448991,3.916141197871655e-5,3.916141197873666e-5,0.2271926091852971
0.006701,0.8022775922235399,4.189233894003229e-5,4.189233894005526e-5,0.1649007044713762
0.006801,0.8476115271581959,4.391575887618018e-5,4.39157588761917e-5,0.11911360414660296
0.006901,0.8743466240644645,4.5627138481101615e-5,4.5627138481112816e-5,0.09193150259189808
0.007001,0.8813561612763097,4.528818710785311e-5,4.528818710785606e-5,0.08448365828435889
0.007101,0.8684819559805661,4.483272695532061e-5,4.483272695530888e-5,0.09691879551214419
0.007201,0.8365825379743064,4.29831941856015e-5,4.2983194185581086e-5,0.1283817645666532
0.007301,0.7874469873422996,4.017105734058354e-5,4.0171057340555534e-5,0.17708836760564167
0.007401,0.7236923075324082,3.7169702865050825e-5,3.716970286502752e-5,0.24041763092757373
0.007501,0.6486457382404108,3.2874540369385405e-5,3.2874540369369345e-5,0.3150316954557766
0.007601,0.5661518688313206,2.887726741384524e-5,2.887726741383905e-5,0.39710702008498044
0.007701,0.4803733496463698,2.4495297851170006e-5,2.4495297851171927e-5,0.4824579840144193
0.007801,0.395611642927205,1.9970352305801435e-5,1.9970352305806355e-5,0.5667966212694066
0.007901,0.3160301111777692,1.626126610175486e-5,1.626126610175587e-5,0.6459594199302803
0.008001,0.2455222180184488,1.2565799979646643e-5,1.2565799979651052e-5,0.7160465877704312
0.008101,0.18746561355535807,9.744585829141006e-6,9.744585829141139e-6,0.7736787300311097
0.008201,0.14457320783864122,7.750644622810645e-6,7.750644622808722e-6,0.8161472660364505
0.008301,0.11880546133613824,6.516763607091928e-6,6.516763607089961e-6,0.8414899566562143
0.008401,0.1112152998526219,6.3043156563850815e-6,6.304315656386313e-6,0.8486534203710125
0.008501,0.12195964130793703,6.952636819462931e-6,6.952636819467848e-6,0.8374828471961901
0.008601,0.15029630273517122,8.597917303517727e-6,8.597917303531884e-6,0.8087175061859678
0.008701,0.19459094419824655,1.089272742913455e-5,1.0892727429155775e-5,0.7639927173489955
0.008801,0.25246954162038127,1.396381752027197e-5,1.396381752029615e-5,0.7056826121855507
0.008901,0.320900356303861,1.750900198776439e-5,1.7509001987791772e-5,0.6368186398939373
0.009001,0.3963559813358623,2.1395072591099094e-5,2.1395072591126873e-5,0.5609292052751099
0.009101,0.47502970335703476,2.5402675137695724e-5,2.540267513771933e-5,0.4818211365583398
0.009201,0.5529739437705139,2.926670839896657e-5,2.9266708398987583e-5,0.4034438718057886
0.009301,0.6263357380060918,3.3147975460141365e-5,3.314797546015757e-5,0.329649406296988
0.009401,0.6915411047739985,3.6156806767518186e-5,3.615680676752268e-5,0.26401324156299943
0.009501,0.7454380902190498,3.89071983946512e-5,3.89071983946413e-5,0.20968627994546202
0.009601,0.7854919190569422,4.0979810739260525e-5,4.0979810739235676e-5,0.1692011938420269
0.009701,0.8098666492089279,4.1762386579533085e-5,4.1762386579501725e-5,0.14439487741596438
0.009801,0.81752461754257,4.2404262437326905e-5,4.240426243728861e-5,0.13630758689650685
0.009901,0.8082795852472109,4.1618353984388324e-5,4.16183539843392e-5,0.1451309901398914
0.010001,0.7827380464826053,4.016109410479013e-5,4.016109410475658e-5,0.1702408236523616
0.010101,0.7423596500154921,3.8318323971328864e-5,3.831832397129833e-5,0.21019925003409362
0.010201,0.689275356380663,3.514145017163513e-5,3.5141450171609775e-5,0.2628565270007682
0.010301,0.6262243070521087,3.2262524983019076e-5,3.22625249830036e-5,0.3254795406489626
0.010401,0.5564388408945375,2.852635644268885e-5,2.8526356442685847e-5,0.3948414505921698
0.010501,0.48340639276709746,2.4681075800704634e-5,2.468107580070516e-5,0.4674491135953881
0.010601,0.4107454491727317,2.143274581907798e-5,2.1432745819081967e-5,0.5396818564042937
0.010701,0.3420485411157717,1.7466088050955404e-5,1.7466088050961547e-5,0.6079511896640009
0.010801,0.280627904266962,1.4768216938188686e-5,1.4768216938200409e-5,0.6689468002909477
0.010901,0.22942546441925646,1.2219070235113597e-5,1.2219070235128661e-5,0.7197148177740994
0.011001,0.19086632412332055,1.0031526142814481e-5,1.0031526142829613e-5,0.757842211917976
0.011101,0.16668714330400733,9.371948361471477e-6,9.371948361486867e-6,0.7815815417577933
0.011201,0.15793588902302125,8.563654336495537e-6,8.563654336508871e-6,0.7899015171842145
0.011301,0.1648771466522799,9.24370757015408e-6,9.243707570167804e-6,0.782515616743161
0.011401,0.18699627485517498,1.0484590520273642e-5,1.0484590520288201e-5,0.7599546708588841
0.011501,0.22304908745622254,1.2037748219650822e-5,1.2037748219663932e-5,0.723466091095308
0.011601,0.2711066470618951,1.502904831449034e-5,1.5029048314508084e-5,0.674959645958947
0.011701,0.3286871183532181,1.75235732248535e-5,1.7523573224877082e-5,0.616941512251154
0.011801,0.39283793149740526,2.0993947849746964e-5,2.099394784977646e-5,0.5523442160278824
0.011901,0.4603354177614643,2.4595880131772517e-5,2.4595880131805253e-5,0.4844110346033364
0.012001,0.5278182476479678,2.7544114764336827e-5,2.7544114764377674e-5,0.41648777716019236
0.012101,0.5919304609078011,3.130913807295433e-5,3.1309138072993334e-5,0.3519346091531307
0.012201,0.649544112813516,3.38685471797015e-5,3.386854717973213e-5,0.29388457549855507
0.012301,0.6978774117610249,3.6290380704674965e-5,3.629038070469327e-5,0.2451205591160736
0.012401,0.7345865610419264,3.8419726583731094e-5,3.8419726583738026e-5,0.20798261065394905
0.012501,0.7579614160377307,3.912500097223824e-5,3.912500097222557e-5,0.1841766804454491
0.012601,0.7669559904517764,3.9947013553300594e-5,3.9947013553275746e-5,0.17475639787209066
0.012701,0.7612063937508965,3.9444917386647697e-5,3.9444917386609485e-5,0.18008367692742558
0.012801,0.741118663791355,3.8302276031158095e-5,3.830227603110828e-5,0.19975311709165533
0.012901,0.7077695139183159,3.6925541737088826e-5,3.692554173702829e-5,0.2326799764218246
0.013001,0.6628916413337664,3.4261723248070906e-5,3.426172324801515e-5,0.2771427767030183
0.013101,0.6087782497072248,3.175439778122079e-5,3.17543977811723e-5,0.33084455207869695
0.013201,0.5481452384655853,2.8669994629882656e-5,2.8669994629844425e-5,0.3910661060390154
0.013301,0.4840271706705297,2.5251974877019005e-5,2.5251974876997185e-5,0.45477354793539
0.013401,0.41959787052757097,2.222339438902367e-5,2.2223394389022044e-5,0.5187910956291963
0.013501,0.3580351557485379,1.8921491993655737e-5,1.892149199366514e-5,0.5799419516597661
0.013601,0.3023676314176502,1.6189232986946973e-5,1.6189232986965126e-5,0.63519865590287
0.013701,0.25528813180538795,1.381387081557972e-5,1.381387081560281e-5,0.6818699549317371
0.013801,0.21908089537502748,1.1893871093492846e-5,1.1893871093519778e-5,0.7176705024933492
0.013901,0.1954766838438726,1.0800440638955963e-5,1.080044063898421e-5,0.7408617514404466
0.014001,0.18555362897488722,1.0192254673990274e-5,1.0192254674016191e-5,0.7503678727647352
0.014101,0.18974923421459008,1.0432267238636296e-5,1.043226723866002e-5,0.7457590241518984
0.014201,0.20777824269076245,1.1348865239397933e-5,1.1348865239423808e-5,0.7273180824304891
0.014301,0.23866638139162183,1.286925054235762e-5,1.2869250542381067e-5,0.6960141435223457
0.014401,0.2808350128817676,1.499424762804756e-5,1.4994247628069804e-5,0.6534241050994343
0.014501,0.3321268461155963,1.7632296619915648e-5,1.7632296619936454e-5,0.601711378185999
0.014601,0.3899560524737059,2.0543534232352434e-5,2.054353423237417e-5,0.543463982553206
0.014701,0.45141955099175984,2.36170784731046e-5,2.361707847313102e-5,0.48158308687142554
0.014801,0.5134230340399497,2.692145515921459e-5,2.692145515924249e-5,0.41915911556647645
0.014901,0.5728836924184499,2.9822634318003027e-5,2.982263431802929e-5,0.3592783231789778
0.015001,0.6268225420366659,3.2681380462091866e-5,3.2681380462122914e-5,0.3049184425091674
0.015101,0.6725445641184677,3.511149420526112e-5,3.511149420528142e-5,0.25877301086293697
0.015201,0.7077935556747156,3.678349756003438e-5,3.678349756004347e-5,0.22310356787555471
0.015301,0.7307985278021184,3.8279147132289334e-5,3.8279147132287925e-5,0.1996836793213852
0.015401,0.7404125213747617,3.8628844477067854e-5,3.8628844477048426e-5,0.18965008000057193
0.015501,0.7361728214087412,3.8545630232143136e-5,3.854563023210753e-5,0.1934705260043953
0.015601,0.7182782140046714,3.7875891712233966e-5,3.78758917121808e-5,0.21094853282486012
0.015701,0.6876323594743994,3.605120319510412e-5,3.60512031950401e-5,0.24118069084690072
0.015801,0.6457582786188798,3.4325399044060695e-5,3.432539904399378e-5,0.2826347498761669
0.015901,0.5947509323383015,3.158205386831981e-5,3.158205386825849e-5,0.3332237998635821
0.016001,0.5371650668796502,2.8602900853864265e-5,2.86029008538122e-5,0.3903938480945627
0.016101,0.4758718546572737,2.5784820397846058e-5,2.578482039781141e-5,0.4512709921208332
0.016201,0.4139549430556484,2.2220696786716163e-5,2.222069678669406e-5,0.5127677552247394
0.016301,0.3545126177242187,1.9465080635777695e-5,1.9465080635769116e-5,0.5717867202819645
0.016401,0.300528247848896,1.6535942406622632e-5,1.6535942406629358e-5,0.625351067912055
0.016501,0.25474524414992133,1.3991109813980707e-5,1.3991109813996813e-5,0.6707127300727034
0.016601,0.21945208351137152,1.2438751053895254e-5,1.2438751053917363e-5,0.7055765709540959
0.016701,0.19644449625742616,1.0724490193872909e-5,1.0724490193894088e-5,0.7281548344574178
0.016801,0.18692467752780595,1.0463178148891068e-5,1.046317814891034e-5,0.7372441769349019
0.016901,0.19136574795610792,1.0517134363665543e-5,1.0517134363682091e-5,0.7323732241496637
0.017001,0.20957587337011488,1.1092819366839638e-5,1.1092819366853571e-5,0.7137313682919418
0.017101,0.2406730952736009,1.3039661507925788e-5,1.3039661507940998e-5,0.6821974452847546
0.017201,0.28308399198529854,1.4705469675386822e-5,1.4705469675401655e-5,0.639347799958682
0.017301,0.33469062831898383,1.7534198792966702e-5,1.7534198792984117e-5,0.5873032664998744
0.017401,0.39289410748776227,2.0542420918595396e-5,2.05424209186178e-5,0.5286617690812737
0.017501,0.45473885916222123,2.3416225785695662e-5,2.3416225785730536e-5,0.46638125653731377
0.017601,0.5170826753765768,2.709448763957472e-5,2.7094487639614664e-5,0.40360426231026125
0.017701,0.5767379545755593,2.982358042204009e-5,2.982358042207362e-5,0.3435183715125621
0.017801,0.6306451029643556,3.2879816745670744e-5,3.2879816745705005e-5,0.28917801619456146
0.017901,0.6760060753532324,3.545751710275995e-5,3.5457517102785494e-5,0.24338224021458707
0.018001,0.7104648919545147,3.6976639010780616e-5,3.697663901080197e-5,0.20850191066566848
0.018101,0.7321961614228345,3.87342929041519e-5,3.873429290415485e-5,0.1863379343079006
0.018201,0.7400110798695114,3.897848180079718e-5,3.89784818007787e-5,0.17810468084879513
0.018301,0.7334244193139908,3.8813179870127835e-5,3.881317987009155e-5,0.18427243327268078
0.018401,0.7126987092005497,3.816938156436626e-5,3.816938156431623e-5,0.2045763086096737
0.018501,0.6787901480520028,3.617851157293875e-5,3.617851157287865e-5,0.23806838304751415
0.018601,0.6333649109929352,3.426157393294967e-5,3.4261573932890535e-5,0.28307804343388104
0.018701,0.5786834104060626,3.137948901092468e-5,3.137948901087074e-5,0.33734789350928235
0.018801,0.5174725862314653,2.8216836641017257e-5,2.8216836640973798e-5,0.3981491303158659
0.018901,0.45284077261500927,2.5095558067184725e-5,2.509555806714855e-5,0.46237168602318207
0.019001,0.38807716751670845,2.1436505729715785e-5,2.143650572969645e-5,0.5267297547079983
0.019101,0.3265016110866559,1.8411297258861247e-5,1.841129725885681e-5,0.5878987127074105
0.019201,0.27129967833333946,1.5375396178828043e-5,1.537539617883611e-5,0.6426909625789802
0.019301,0.2253412550265605,1.27624841264538e-5,1.276248412646842e-5,0.6882364475305074
0.019401,0.19106266573949607,1.1009614183713034e-5,1.100961418372984e-5,0.7221047376518911
0.019501,0.17029482337392007,9.59629963420784e-6,9.59629963422855e-6,0.7424651314059295
0.019601,0.16419144422901943,9.159176385196006e-6,9.159176385215749e-6,0.7481579291571899
0.019701,0.17317773969576256,9.4479995777275e-6,9.447999577750459e-6,0.7387543620125473
0.019801,0.19687389518026394,1.0476245890181562e-5,1.0476245890203543e-5,0.7146403871994425
0.019901,0.2341604914415993,1.227639702695805e-5,1.227639702697831e-5,0.6769395441426329
0.020001,0.28320686517629295,1.467948996760727e-5,1.467948996763467e-5,0.6274783273158059
0.020101,0.341538337169767,1.7664315669638418e-5,1.7664315669670412e-5,0.5687280112552568
0.020201,0.4062063590666367,2.093264616166957e-5,2.0932646161706758e-5,0.5036395387078716
0.020301,0.4738931226022281,2.449338560241027e-5,2.4493385602454268e-5,0.43553101380695786
0.020401,0.5411016578702332,2.79937107196747e-5,2.7993710719716946e-5,0.367901395714635
0.020501,0.6043386733191546,3.1442470208529524e-5,3.14424702085648e-5,0.30424351234182856
0.020601,0.6602650907875336,3.443366233528339e-5,3.443366233531237e-5,0.2478970568992461
0.020701,0.705917595680268,3.6936996660405505e-5,3.693699666042e-5,0.2018221411785898
0.020801,0.7388280645773968,3.903667076267351e-5,3.9036670762665345e-5,0.16848816937428662
0.020901,0.7571607338092314,3.9938543945843496e-5,3.9938543945808497e-5,0.14973931001783436
0.021001,0.7598470294881272,4.048145822921935e-5,4.048145822916065e-5,0.14663653594409914
0.021101,0.7465892745643228,4.004160453138561e-5,4.0041604531307756e-5,0.1594738754653079
0.021201,0.7179321546153296,3.8490665511872925e-5,3.849066551179481e-5,0.1877181838077014
0.021301,0.6752396350908818,3.6796095741638275e-5,3.679609574156438e-5,0.22999686542881498
0.021401,0.6205859304749176,3.3796489589102535e-5,3.3796489589035464e-5,0.2842327419486179
0.021501,0.556707333871271,3.0661313225426516e-5,3.066131322537288e-5,0.3476947624341213
0.021601,0.4868506019725077,2.7193357534750787e-5,2.7193357534716245e-5,0.41713651613905456
0.021701,0.41458486151862867,2.3099472833898486e-5,2.3099472833880597e-5,0.48898939279898335
0.021801,0.34364340469796845,1.976413999158116e-5,1.976413999158418e-5,0.5595166017866339
0.021901,0.2777195262072743,1.586574580089848e-5,1.5865745800913876e-5,0.625018068049661
0.022001,0.2202934023564998,1.2830584705028558e-5,1.283058470505189e-5,0.6820274225298416
0.022101,0.1744120362186785,1.0504441434170348e-5,1.0504441434192713e-5,0.7274827465799525
0.022201,0.14255067698794666,8.11974900903557e-6,8.119749009057281e-6,0.758926249758495
0.022301,0.12649720228081512,7.588185722999716e-6,7.588185723023391e-6,0.7745517623440028
0.022401,0.12719944268225122,7.1205567557282815e-6,7.1205567557495894e-6,0.7734191286428733
0.022501,0.14474534187808547,7.739937077697183e-6,7.739937077724961e-6,0.7554409244938122
0.022601,0.17837921825755224,9.677007681220552e-6,9.677007681251604e-6,0.7213726390845635
0.022701,0.22644794121619743,1.1502130436185644e-5,1.150213043622489e-5,0.6728705814750322
0.022801,0.28655543902258873,1.4984935568635154e-5,1.498493556867934e-5,0.6123260935298646
0.022901,0.3556801891540943,1.8266272716577786e-5,1.826627271662734e-5,0.542764607886354
0.023001,0.43025458127418265,2.2019062805200402e-5,2.2019062805250767e-5,0.4677532986417094
0.023101,0.5064354377802006,2.6481044051589856e-5,2.6481044051641284e-5,0.39113832134617493
0.023201,0.5802629672417079,2.9763603568412866e-5,2.976360356845666e-5,0.31688269079278275
0.023301,0.6478306624697714,3.392059168990968e-5,3.3920591689950345e-5,0.24887697860741992
0.023401,0.7055768788122025,3.69836285021114e-5,3.6983628502133585e-5,0.19070380479813387
0.023501,0.7503854266078192,3.9153048798106455e-5,3.9153048798108684e-5,0.14546444313553183
0.023601,0.779816563446857,4.15235605631294e-5,4.152356056310953e-5,0.11561290088566627
0.023701,0.7921928656207441,4.182766970168287e-5,4.182766970164057e-5,0.1028155151712441
0.023801,0.7867173792652545,4.201341090834538e-5,4.2013410908278065e-5,0.10787023969207284
0.023901,0.7635378312919743,4.112277687514157e-5,4.112277687506288e-5,0.13063246097510986
0.024001,0.7237033958235815,3.8842136965517255e-5,3.8842136965439226e-5,0.17005597116624066
0.024101,0.6691445180937571,3.6636233081039664e-5,3.6636233080963824e-5,0.22420572145197507
0.024201,0.6025938522396046,3.286337510386029e-5,3.286337510380147e-5,0.2903497606114573
0.024301,0.5273909015130661,2.9153709585783273e-5,2.9153709585744333e-5,0.3651418009767918
0.024401,0.44739037768407625,2.5167934129603434e-5,2.516793412958158e-5,0.4447368459073577
0.024501,0.3667175174269263,2.05204711239322e-5,2.0520471123924832e-5,0.5250106706726325
0.024601,0.28952714860979784,1.6819874359358427e-5,1.6819874359367613e-5,0.6017909178132417
0.024701,0.21987581931378228,1.2845730042081583e-5,1.2845730042101027e-5,0.671042809665399
0.024801,0.16142064860768962,9.597616193181478e-6,9.597616193202872e-6,0.7290914751862656
0.024901,0.11726199675002294,7.30915219336977e-6,7.309152193389883e-6,0.7728442799858076
0.025001,0.08980280356299426,5.44585476450642e-6,5.44585476452325e-6,0.7998972835790769
0.025101,0.080562403188231,4.914678201641326e-6,4.9146782016547435e-6,0.8087264238198589
0.025201,0.09013964859696934,5.126765750708958e-6,5.126765750720866e-6,0.798741921913035
0.025301,0.11816030888055017,6.409160909765992e-6,6.409160909780577e-6,0.7703045075044038
0.025401,0.16327202433585222,8.651741133514144e-6,8.651741133533864e-6,0.7247830132589416
0.025501,0.22324324261809725,1.1533662735922674e-5,1.1533662735952994e-5,0.6643898940424472
0.025601,0.2950472251151069,1.528660483397541e-5,1.528660483401672e-5,0.5921707956830305
0.025701,0.3750186577992445,1.9375149838620034e-5,1.9375149838671723e-5,0.5117825419683759
0.025801,0.4590577233199817,2.3708454707813486e-5,2.370845470786759e-5,0.4273196605038932
0.025901,0.5428135207522811,2.8121525415680735e-5,2.8121525415732996e-5,0.34314078216791205
0.026001,0.6219404682535626,3.241358339853355e-5,3.241358339857212e-5,0.2635925644810105
0.026101,0.6923003422372976,3.604790622496886e-5,3.6047906224990654e-5,0.19281285569294343
0.026201,0.750176448815071,3.9249250545223006e-5,3.924925054522546e-5,0.13451575576093425
0.026301,0.7925068485962294,4.176885301754792e-5,4.17688530175308e-5,0.09176885949930788
0.026401,0.8169874389989888,4.2912520209800555e-5,4.2912520209749394e-5,0.06687325212977017
0.026501,0.8222354056168905,4.363291062243869e-5,4.363291062238046e-5,0.061200676754781726
0.026601,0.8078944098955602,4.2961958804625855e-5,4.296195880457088e-5,0.07513045466370911
0.026701,0.7745570387996094,4.1223624882272684e-5,4.122362488221343e-5,0.10805142975771917
0.026801,0.7238570865759993,3.902732181352565e-5,3.9027321813464986e-5,0.1583333725776887
0.026901,0.658319493710803,3.534024079239956e-5,3.5340240792350066e-5,0.2234570752830075
0.027001,0.5812249243608765,3.167109890965452e-5,3.1671098909629384e-5,0.30013364663523356
0.027101,0.49651130313029007,2.719917155099548e-5,2.719917155099353e-5,0.38442689816448217
0.027201,0.40849410078195075,2.2396095897708652e-5,2.2396095897722974e-5,0.4720211798348899
0.027301,0.32168266531874407,1.8302960693522393e-5,1.830296069354444e-5,0.5584089705450787
0.027401,0.240568322686734,1.3443433054948841e-5,1.3443433054975387e-5,0.6391039664661334
0.027501,0.16932421844203818,9.968204148414577e-6,9.968204148440154e-6,0.7099110225968863
0.027601,0.11165794807703078,6.9179844620766e-6,6.917984462097664e-6,0.7671423948925167
0.027701,0.07058954406359436,4.173075299294861e-6,4.173075299311133e-6,0.8077718424825476
0.027801,0.04827435363241786,3.478721666950371e-6,3.4787216669616393e-6,0.8296396960584248
0.027901,0.04592141974732122,2.7229007365507602e-6,2.7229007365584792e-6,0.8315349732044957
0.028001,0.06370826499880171,3.6946278406292065e-6,3.69462784063927e-6,0.8132943585988188
0.028101,0.1007783875394407,5.678269794359417e-6,5.678269794377178e-6,0.7757585587749974
0.028201,0.15527270190377526,7.921071794546546e-6,7.921071794572827e-6,0.7208060704118292
0.028301,0.22442881125974345,1.2081805795438428e-5,1.2081805795477317e-5,0.6511914756633538
0.028401,0.30474507568352943,1.566860991798593e-5,1.5668609918034074e-5,0.570421252933065
0.028501,0.39210067438091095,2.0352284940326895e-5,2.0352284940380604e-5,0.4826143707036025
0.028601,0.48202585378586854,2.5359618687553312e-5,2.535961868760288e-5,0.3922415079453988
0.028701,0.5699227408049361,2.925076102922161e-5,2.9250761029253094e-5,0.30389622911810926
0.028801,0.6512500924430554,3.425629354741498e-5,3.425629354742033e-5,0.22212794835228558
0.028901,0.7218214106703322,3.759599204260081e-5,3.759599204257639e-5,0.1511145231347731
0.029001,0.7780152084859402,4.047016463121143e-5,4.04701646311545e-5,0.09448756507646826
0.029101,0.8168861391160999,4.309671130615696e-5,4.309671130607941e-5,0.05518583954850531
0.029201,0.8364282411416115,4.353265894515152e-5,4.353265894504663e-5,0.03522483155638936
0.029301,0.8355907071852585,4.409250939144588e-5,4.4092509391329143e-5,0.035635306021306774
0.029401,0.8143781543842501,4.285732060374038e-5,4.285732060361532e-5,0.0564356374549946
0.029501,0.7738346292956313,4.062112607036231e-5,4.062112607024966e-5,0.09656771658391668
0.029601,0.7159963978845781,3.818144941478761e-5,3.818144941469879e-5,0.15399453952469327
0.029701,0.6437829604248813,3.384259796082267e-5,3.3842597960776786e-5,0.22579905636855255
0.029801,0.5608534648943762,2.9968026505383783e-5,2.99680265053883e-5,0.3083246712715302
0.029901,0.4714147038139228,2.529342506491216e-5,2.529342506495205e-5,0.39736469330586255
0.030001,0.3800108227234429,2.019079420253498e-5,2.0190794202601e-5,0.4883687980269601
0.030101,0.2912653001251564,1.6036511258033834e-5,1.6036511258109677e-5,0.576710659022397
0.030201,0.20969676149603092,1.136579807092164e-5,1.1365798070992894e-5,0.6578840445731574
0.030301,0.1394487035245201,7.828361444359875e-6,7.82836144441872e-6,0.7277356668964234
0.030401,0.08405565998755654,4.957644748262009e-6,4.957644748300402e-6,0.7827300123782492
0.030501,0.04633822557969649,2.7309342165848047e-6,2.730934216603428e-6,0.8200465508512653
0.030601,0.028199858178145566,2.0040070582494395e-6,2.0040070582530835e-6,0.8377818365918368
0.030701,0.030521207821414226,1.8031074122163453e-6,1.803107412215447e-6,0.8350600301569698
0.030801,0.05318563030342332,3.0849284680557198e-6,3.0849284680625176e-6,0.8119969046109461
0.030901,0.09501676142344899,5.2378579872893274e-6,5.237857987313523e-6,0.7697585776997159
0.031001,0.15386042521538854,8.054806637388479e-6,8.054806637439746e-6,0.7105063070634061
0.031101,0.22673045040333523,1.2030866254655703e-5,1.2030866254733038e-5,0.6372345866443445
0.031201,0.3099020912748178,1.6210807672853906e-5,1.621080767295317e-5,0.5536496212050328
0.031301,0.39915873463855744,2.0794957609312533e-5,2.0794957609423884e-5,0.46399072834110366
0.031401,0.48996636126325754,2.5548555970687867e-5,2.5548555970800587e-5,0.3727707457596181
0.031501,0.5777290212159621,3.0109473506397614e-5,3.0109473506486153e-5,0.2846051949756898
0.031601,0.6580148043184094,3.4189156135685626e-5,3.4189156135731196e-5,0.20391003120902157
0.031701,0.7267766492224504,3.7780201746523466e-5,3.7780201746515944e-5,0.13474791266631095
0.031801,0.7805470320605348,4.0656541693587865e-5,4.06565416935293e-5,0.08057092754013966
0.031901,0.8166601714675302,4.2332806486441046e-5,4.2332806486322576e-5,0.044059565381107405
0.032001,0.8333000289492207,4.3375274858062096e-5,4.337527485790739e-5,0.0270198604842618
0.032101,0.8296720917126146,4.308015035140861e-5,4.3080150351232604e-5,0.03024891918648788
0.032201,0.8060080333977876,4.18170010613687e-5,4.181700106117794e-5,0.05352292052995848
0.032301,0.7635121216171471,3.975693276967442e-5,3.9756932769509917e-5,0.09562014558653313
0.032401,0.7043813257139229,3.642254843026536e-5,3.6422548430153706e-5,0.1543588440287666
0.032501,0.6316130662499686,3.295364191883052e-5,3.2953641918775873e-5,0.2267399719153015
0.032601,0.548888541132164,2.8433095879134758e-5,2.84330958791375e-5,0.3090754487703828
0.032701,0.4603788680981231,2.3820150266932604e-5,2.382015026697863e-5,0.3971941669843857
0.032801,0.37051911243382424,1.9501345568692905e-5,1.950134556876763e-5,0.486662285147313
0.032901,0.2838276456196534,1.4501794948688818e-5,1.45017949487782e-5,0.5729639051187883
0.033001,0.20460906281936042,1.0827156981945136e-5,1.082715698202947e-5,0.6517880508321418
0.033101,0.13678388819478288,7.216110746836203e-6,7.216110746902186e-6,0.7192158728285034
0.033201,0.0837209353366783,4.251672791671585e-6,4.251672791715312e-6,0.771880815500033
0.033301,0.047982064669122956,2.883461963312685e-6,2.883461963334378e-6,0.807223008219387
0.033401,0.03127279977109473,1.5240961020407656e-6,1.5240961020458099e-6,0.8235265886243179
0.033501,0.03436434523539905,2.090078886017974e-6,2.0900788860185127e-6,0.8200317055229918
0.033601,0.056986194593523866,3.1880127344904524e-6,3.188012734500764e-6,0.7970043599964989
0.033701,0.097917525047998,5.029583825305679e-6,5.029583825333685e-6,0.7556615890337479
0.033801,0.15504181697965064,8.594946090541881e-6,8.594946090594001e-6,0.6981218620159707
0.033901,0.22541823193658903,1.1574458746218048e-5,1.1574458746299087e-5,0.6273319448315429
0.034001,0.30546922616577626,1.6098297613915016e-5,1.6098297614018476e-5,0.5468643520311646
0.034101,0.3911639094295492,2.061125057757196e-5,2.061125057768265e-5,0.46075324954892055
0.034201,0.478206270162953,2.452510678348421e-5,2.4525106783592385e-5,0.3732940828009937
0.034301,0.5622447376795675,2.9561601214912338e-5,2.956160121499906e-5,0.28883737486103944
0.034401,0.6391151562485536,3.2933209825256485e-5,3.293320982529342e-5,0.21154963523410233
0.034501,0.705048846936782,3.64282959581813e-5,3.642829595816028e-5,0.14520027721174383
0.034601,0.7568049796179913,3.9324114958528765e-5,3.932411495844354e-5,0.0930318536911187
0.034701,0.7918895062903645,4.0482245689487536e-5,4.048224568935373e-5,0.05753685279223981
0.034801,0.8086712150416928,4.1938590316046435e-5,4.1938590315883805e-5,0.04034603421128767
0.034901,0.8063861464656479,4.1297025298479296e-5,4.129702529830462e-5,0.04222692898316113
0.035001,0.7852541445026424,4.017130165345031e-5,4.017130165326794e-5,0.06295468555175224
0.035101,0.7464394320796043,3.855161313813104e-5,3.855161313796629e-5,0.1013672782960171
0.035201,0.6919292363120404,3.5018149156643494e-5,3.501814915651831e-5,0.15548009593789527
0.035301,0.6245064097075539,3.2077171861937345e-5,3.20771718618578e-5,0.22250442559991276
0.035401,0.547571208926627,2.790492524882314e-5,2.7904925248788277e-5,0.299038282363398
0.035501,0.46495203999775736,2.3419694911628e-5,2.341969491164129e-5,0.38125451716902736
0.035601,0.3807526279642198,1.9560793594565922e-5,1.956079359461753e-5,0.465057706843245
0.035701,0.2991097281521939,1.4910917908047573e-5,1.4910917908121844e-5,0.5462948709583828
0.035801,0.22401850282251476,1.1381779357900068e-5,1.1381779357982943e-5,0.6209873812498674
0.035901,0.15910628186067158,8.033780319794758e-6,8.033780319867133e-6,0.6854961628545063
0.036001,0.10748543585007908,5.257208064519492e-6,5.2572080645748235e-6,0.736712412993844
0.036101,0.07160055720899654,3.816740093348279e-6,3.81674009338391e-6,0.7721917334372325
0.036201,0.05308052639662037,2.553658043222717e-6,2.553658043244531e-6,0.7903129537815902
0.036301,0.05271069509180889,2.8218791783154466e-6,2.82187917833038e-6,0.7902783781334061
0.036401,0.07038792548564429,3.821856959426341e-6,3.821856959445652e-6,0.7721973867387044
0.036501,0.10509530926805172,5.402267084685688e-6,5.402267084716834e-6,0.7370939113459808
0.036601,0.1550204018855683,8.278848148857888e-6,8.278848148905974e-6,0.6867634038466672
0.036701,0.21761334666647136,1.1372795455085145e-5,1.1372795455153517e-5,0.6237673991555693
0.036801,0.28970742056121723,1.5067378984411136e-5,1.506737898448882e-5,0.551273395357823
0.036901,0.3677225114264346,1.9134393106200573e-5,1.913439310627851e-5,0.47285784200884073
0.037001,0.4477960343482852,2.317520253413746e-5,2.317520253420654e-5,0.3923861799023213
0.037101,0.5260027444108865,2.7157119234004473e-5,2.7157119234051548e-5,0.31378475258037136
0.037201,0.5985422896931343,3.081213144886102e-5,3.081213144888461e-5,0.240850179817809
0.037301,0.6618957539247974,3.404411944424906e-5,3.404411944423408e-5,0.17709709028082712
0.037401,0.713061614424607,3.653515314941571e-5,3.6535153149363175e-5,0.12554335668772734
0.037501,0.7496102303223519,3.8405220841308696e-5,3.840522084122171e-5,0.08860074153023255
0.037601,0.7698579427281226,3.9303608670702286e-5,3.9303608670596055e-5,0.06796663325234262
0.037701,0.7729385606769965,3.9441566887419e-5,3.944156688729284e-5,0.06449943953609609
0.037801,0.7588023526518569,3.868102362289723e-5,3.8681023622766996e-5,0.0782506140973286
0.037901,0.728243491673834,3.6909178037805224e-5,3.690917803768906e-5,0.10842837461391386
0.038001,0.6828559201248496,3.481470659739457e-5,3.481470659729221e-5,0.15342939857929988
0.038101,0.6249347151401455,3.1580690022161194e-5,3.158069002208726e-5,0.210976457381541
0.038201,0.557347838742615,2.8154885134486764e-5,2.8154885134439307e-5,0.27817862968692064
0.038301,0.48344018247512655,2.4601458197711446e-5,2.4601458197697663e-5,0.3517071536697815
0.038401,0.40681860853223306,2.0309115226848833e-5,2.0309115226862345e-5,0.42795457296688677
0.038501,0.33119365372950166,1.682632983104511e-5,1.6826329831081505e-5,0.5031974230907013
0.038601,0.26020272462014504,1.3075062481469293e-5,1.307506248152208e-5,0.5738051797595054
0.038701,0.1972487954149686,9.810497043846473e-6,9.810497043912203e-6,0.6363759099274716
0.038801,0.14530222303643062,7.527250884387229e-6,7.527250884453849e-6,0.6879383557541704
0.038901,0.10677900148203806,5.166787792450366e-6,5.166787792510295e-6,0.726078009244696
0.039001,0.08346325913517509,4.431625677782525e-6,4.431625677828983e-6,0.7490080220288222
0.039101,0.07635405692381679,3.958304870926324e-6,3.958304870961426e-6,0.755727731071776
0.039201,0.08567329059110075,4.2742892016927256e-6,4.274289201717106e-6,0.7460124554631093
0.039301,0.11088371978977549,6.106430381085637e-6,6.106430381107955e-6,0.7204105596162532
0.039401,0.15063489449644651,7.581929607918592e-6,7.5819296079396235e-6,0.6802615539371405
0.039501,0.20291307061474328,1.0626032391070016e-5,1.0626032391099707e-5,0.6275871816295276
0.039601,0.26513083317050656,1.3848289223017191e-5,1.3848289223056405e-5,0.564968066045777
0.039701,0.33420258461150404,1.6957631656936863e-5,1.6957631656983463e-5,0.49550125135957024
0.039801,0.4067533866148189,2.122354738645544e-5,2.1223547386507242e-5,0.4225447474501692
0.039901,0.4792783428377155,2.441111309667777e-5,2.441111309673016e-5,0.3496272119153151
0.040001,0.548255068242042,2.812227665486678e-5,2.812227665492045e-5,0.28024730046643764
0.040101,0.6103924822712204,3.1406702012830676e-5,3.1406702012872255e-5,0.21771488307606932
0.040201,0.6627273358189048,3.3570755557653456e-5,3.357075555767842e-5,0.1649908255862026
0.040301,0.7027844727965373,3.620928328057697e-5,3.6209283280566544e-5,0.12453954379841936
0.040401,0.7286985201862481,3.702607698247164e-5,3.702607698244443e-5,0.09823747767761233
0.040501,0.7392837991019512,3.761543824890363e-5,3.761543824883889e-5,0.08726590610605764
0.040601,0.734117553009072,3.771357282880474e-5,3.7713572828718124e-5,0.09204847380227948
0.040701,0.7135026042493314,3.6041400441285284e-5,3.604140044117087e-5,0.11228147951832576
0.040801,0.6785014514343118,3.47775686837642e-5,3.4777568683644726e-5,0.14689981731149226
0.040901,0.6308824531799134,3.215758220225962e-5,3.215758220214644e-5,0.1941479921193138
0.041001,0.5729496080731137,2.9048932728925018e-5,2.9048932728831e-5,0.25170157628307516
0.041101,0.5075546133585176,2.6133563665406954e-5,2.6133563665341326e-5,0.3167284536516666
0.041201,0.4378633090483903,2.2155061824721013e-5,2.215506182468753e-5,0.3860463932082493
0.041301,0.36722328795914627,1.8889078951457627e-5,1.8889078951466304e-5,0.45631312949591546
0.041401,0.29904681685808004,1.535325133467145e-5,1.5353251334711334e-5,0.5241215789782374
0.041501,0.23658993789302976,1.2014669160148544e-5,1.2014669160207633e-5,0.5862113132222873
0.041601,0.18281725774752133,9.637397688419733e-6,9.637397688490357e-6,0.6396141664842819
0.041701,0.14028932517278184,7.1198475291897734e-6,7.119847529261419e-6,0.6817727586760073
0.041801,0.11099347040593269,5.828876281889585e-6,5.828876281948187e-6,0.7106966981656709
0.041901,0.09628777817102871,5.125389808383322e-6,5.125389808425103e-6,0.7250287224405639
0.042001,0.09682390743705008,4.933715165832543e-6,4.933715165855676e-6,0.7241185318810246
0.042101,0.1125100072701394,5.96520314104303e-6,5.96520314105432e-6,0.7080576212197627
0.042201,0.1425412941608211,7.333027052135955e-6,7.333027052138948e-6,0.677654886571844
0.042301,0.18540656266487562,9.557944028128405e-6,9.5579440281281e-6,0.6344152931996828
0.042401,0.23899277132017807,1.2310637950739162e-5,1.2310637950742272e-5,0.5804514662172583
0.042501,0.30067600690237134,1.537161254837888e-5,1.5371612548392772e-5,0.5183871069290547
0.042601,0.36743452690185047,1.8877387396318707e-5,1.8877387396348086e-5,0.4512501763695723
0.042701,0.436030952349861,2.22991461373207e-5,2.229914613735356e-5,0.38227942423751254
0.042801,0.5031243078482999,2.576545166459271e-5,2.5765451664630933e-5,0.3148101619182188
0.042901,0.565451826018035,2.8981240822497685e-5,2.8981240822534927e-5,0.25210350123168146
0.043001,0.620009205939799,3.17855025128861e-5,3.1785502512913694e-5,0.19716664984077967
0.043101,0.6641460916369519,3.404248083043262e-5,3.40424808304407e-5,0.15265384969476914
0.043201,0.6957343837818348,3.575310703213888e-5,3.575310703211967e-5,0.1206913141967443
0.043301,0.7132613693367122,3.670048880372782e-5,3.670048880367593e-5,0.10279267130351476
0.043401,0.7158719333049143,3.6766459170840104e-5,3.676645917076908e-5,0.09981127386697297
0.043501,0.7034653275258274,3.639084538196864e-5,3.639084538188271e-5,0.11184542526584443
0.043601,0.6766584017641173,3.490243110508396e-5,3.4902431104992205e-5,0.13828262292787086
0.043701,0.6367567448177901,3.2924885869643014e-5,3.29248858695545e-5,0.17781546557664438
0.043801,0.5857325688147986,3.052438957926647e-5,3.0524389579189154e-5,0.22847518450182142
0.043901,0.5260643420615295,2.7227195157453845e-5,2.7227195157402173e-5,0.28777743618958845
0.044001,0.4606651905751188,2.4164601799156024e-5,2.4164601799134476e-5,0.3528035316482646
0.044101,0.3927510223831445,2.0547452907664218e-5,2.0547452907677855e-5,0.42035552191186315
0.044201,0.32561622453798217,1.7062754683750382e-5,1.706275468379371e-5,0.4871165704954753
0.044301,0.26255588276050734,1.4062833367795208e-5,1.406283336786234e-5,0.5498114455087052
0.044401,0.20664785538146013,1.0781206055183137e-5,1.0781206055260617e-5,0.605349504886496
0.044501,0.1606185722847896,8.73366498176315e-6,8.733664981840223e-6,0.651002901980326
0.044601,0.12672198888072894,6.812712856194388e-6,6.812712856259967e-6,0.6845242321371554
0.044701,0.10660508846302173,5.551728791349203e-6,5.551728791398229e-6,0.7042656287910147
0.044801,0.10124863456015173,5.636347813621242e-6,5.636347813652372e-6,0.7092445493236574
0.044901,0.11089757957289367,5.614080297945709e-6,5.614080297960659e-6,0.699217787158406
0.045001,0.13505584882201752,7.11348966421499e-6,7.113489664221815e-6,0.6746726040531588
0.045101,0.17253216029212232,8.987090497455796e-6,8.987090497465823e-6,0.6368100808318441
0.045201,0.22144478249173188,1.1195796851532101e-5,1.1195796851551739e-5,0.5875171276736463
0.045301,0.27936053457133503,1.4634625309259295e-5,1.4634625309293558e-5,0.5292080687367605
0.045401,0.3434196378692267,1.7460119577734493e-5,1.7460119577778054e-5,0.46476568376031563
0.045501,0.4104049900336155,2.1221793178017833e-5,2.122179317806308e-5,0.39739323663910625
0.045601,0.4769940264030715,2.4754022245617234e-5,2.47540222456585e-5,0.33041288164738836
0.045701,0.5398810815010557,2.7633749470351e-5,2.7633749470374848e-5,0.26714313847416277
0.045801,0.5959016707543614,3.1202014356357713e-5,3.120201435634932e-5,0.21074023473597528
0.045901,0.6422739540282996,3.319816353843291e-5,3.319816353839566e-5,0.163987792457043
0.046001,0.6766734473683969,3.5184570210148725e-5,3.518457021007977e-5,0.12920778895630242
0.046101,0.6973615565020361,3.6646917085550256e-5,3.6646917085452414e-5,0.10813959502773246
0.046201,0.7033109765728891,3.651768159720488e-5,3.651768159709129e-5,0.1018173334885875
0.046301,0.6942096044240473,3.666269223232583e-5,3.66626922322103e-5,0.11055132247840793
0.046401,0.6704912137600473,3.523994165050755e-5,3.523994165040993e-5,0.13389578606815505
0.046501,0.6333490685570158,3.333826689350035e-5,3.333826689342898e-5,0.17067704026178926
0.046601,0.5846229367536128,3.122335670925716e-5,3.122335670921579e-5,0.21903730362974486
0.046701,0.5267614542060147,2.7786390181268227e-5,2.778639018126772e-5,0.276534052002123
0.046801,0.4626500933192549,2.4876986862466986e-5,2.4876986862502582e-5,0.34028406333431677
0.046901,0.39551669292042707,2.1247071040614768e-5,2.1247071040676575e-5,0.4070590187836245
0.047001,0.3287384838857115,1.760911441736971e-5,1.7609114417448108e-5,0.4734790115447818
0.047101,0.2656520367723731,1.4641372125323178e-5,1.4641372125407722e-5,0.5362071622490604
0.047201,0.20945671933026672,1.1285818922364805e-5,1.1285818922448826e-5,0.5920484526554413
0.047301,0.16298041680190978,9.03224669232449e-6,9.032246692399882e-6,0.6381684369399904
0.047401,0.1285483042171232,7.1334278722680974e-6,7.1334278723262445e-6,0.6722395648041957
0.047501,0.10792057789560261,5.819985907333022e-6,5.819985907373003e-6,0.6925064335057417
0.047601,0.10212744986724327,5.67716349184706e-6,5.677163491874835e-6,0.6979429540012247
0.047701,0.11144666615267747,5.838145764047238e-6,5.838145764071432e-6,0.6882584959684854
0.047801,0.13541389174206162,7.173604504153438e-6,7.1736045041781315e-6,0.6639311785021188
0.047901,0.17279317213718212,9.061492565535014e-6,9.061492565568316e-6,0.6261873473618276
0.048001,0.2216777366824197,1.1443078169934618e-5,1.144307816997846e-5,0.5769370376486851
0.048101,0.2795711839765588,1.4641756659130738e-5,1.4641756659170839e-5,0.5186796916928954
0.048201,0.3435076737932587,1.785848839775787e-5,1.7858488397789358e-5,0.45437328489528384
0.048301,0.41022809871309246,2.1406513398755625e-5,2.140651339877271e-5,0.38729109839758175
0.048401,0.47629465206925603,2.4964093071293064e-5,2.4964093071284285e-5,0.3208526518382185
0.048501,0.5383368668382366,2.824670009452444e-5,2.824670009448053e-5,0.25844869951844945
0.048601,0.5931635388255239,3.121140263371313e-5,3.12114026336347e-5,0.20325467472431608
0.048701,0.6379442521124667,3.369090423166415e-5,3.369090423155766e-5,0.15810715571985412
0.048801,0.6703905225356345,3.551967722576127e-5,3.551967722563184e-5,0.12530095834838045
0.048901,0.6888157953981341,3.653058768254423e-5,3.65305876824112e-5,0.10651377857421357
0.049001,0.6922546907003702,3.6953059500143666e-5,3.695305950001544e-5,0.1027107782221626
0.049101,0.6805357352668773,3.634085452065622e-5,3.634085452055382e-5,0.11406831771643071
0.049201,0.6542427298529901,3.5095464597957825e-5,3.509546459789961e-5,0.1400020016981603
0.049301,0.614724194561494,3.316393398566382e-5,3.316393398565298e-5,0.17916253261885062
0.049401,0.5640112524660222,3.0394125691965653e-5,3.0394125691999984e-5,0.22952008242745306
0.049501,0.5047022216484138,2.7537146317387155e-5,2.7537146317455403e-5,0.28847457145569533
0.049601,0.4398644078150685,2.393346774450491e-5,2.3933467744601013e-5,0.3529544721574338
0.049701,0.37283101946864106,2.045065857521495e-5,2.045065857532233e-5,0.41962639649012673
0.049801,0.3070642460602927,1.710141157906453e-5,1.710141157916914e-5,0.48503931620643886
0.049901,0.24597329742086466,1.3499396295738803e-5,1.3499396295825543e-5,0.5457682013294933
0.050001,0.1926979783527889,1.0957036806311688e-5,1.0957036806378377e-5,0.5986797195941636
